Eid,Funding_Count,Cite-By_Count,Has_Funding,Has_Cite-By
2-s2.0-85029781991,3,61,1,1
2-s2.0-85039703338,0,31,0,1
2-s2.0-85039924338,3,4,1,1
2-s2.0-85039922521,1,9,1,1
2-s2.0-85039920890,3,6,1,1
2-s2.0-85039920812,1,1,1,1
2-s2.0-85039922690,0,0,0,0
2-s2.0-85039917530,3,7,1,1
2-s2.0-85039914805,2,3,1,1
2-s2.0-85039914338,3,6,1,1
2-s2.0-85039915342,0,7,0,1
2-s2.0-85039898441,3,3,1,1
2-s2.0-85039910610,0,0,0,0
2-s2.0-85039907641,0,2,0,1
2-s2.0-85039897067,1,26,1,1
2-s2.0-85039709530,3,44,1,1
2-s2.0-85038429957,5,2,1,1
2-s2.0-85032489556,1,7,1,1
2-s2.0-85032271239,3,4,1,1
2-s2.0-85029811763,0,36,0,1
2-s2.0-85033555515,7,3,1,1
2-s2.0-85021181600,4,134,1,1
2-s2.0-85041048740,1,26,1,1
2-s2.0-85038434704,6,22,1,1
2-s2.0-85028376438,6,11,1,1
2-s2.0-85040170019,4,28,1,1
2-s2.0-85028470685,0,57,0,1
2-s2.0-85052976005,3,9,1,1
2-s2.0-85032425979,7,17,1,1
2-s2.0-85049262167,0,97,0,1
2-s2.0-85037653422,0,29,0,1
2-s2.0-85038597618,79,39,1,1
2-s2.0-85028559492,1,8,1,1
2-s2.0-85034449894,80,15,1,1
2-s2.0-85057828701,1,6,1,1
2-s2.0-85034821679,104,59,1,1
2-s2.0-85045692442,5,8,1,1
2-s2.0-85045642591,4,2,1,1
2-s2.0-85047899907,0,2,0,1
2-s2.0-85042529228,1,13,1,1
2-s2.0-85047073019,1,9,1,1
2-s2.0-85042128472,4,16,1,1
2-s2.0-85041353839,4,14,1,1
2-s2.0-85041342424,0,11,0,1
2-s2.0-85038612821,102,26,1,1
2-s2.0-85040704260,2,46,1,1
2-s2.0-85044253500,1,37,1,1
2-s2.0-85040722165,1,2,1,1
2-s2.0-85040225133,1,6,1,1
2-s2.0-85040114563,1,13,1,1
2-s2.0-85040241772,0,1,0,1
2-s2.0-85039172717,1,3,1,1
2-s2.0-85040064175,1,22,1,1
2-s2.0-85039172188,1,2,1,1
2-s2.0-85039151846,2,0,1,0
2-s2.0-85049393881,118,62,1,1
2-s2.0-85039838392,0,0,0,0
2-s2.0-85039151515,1,1,1,1
2-s2.0-85042125746,103,24,1,1
2-s2.0-85038931435,1,61,1,1
2-s2.0-85039147109,0,0,0,0
2-s2.0-85039078015,0,3,0,1
2-s2.0-85038591932,6,24,1,1
2-s2.0-85038264240,0,44,0,1
2-s2.0-85038896163,0,7,0,1
2-s2.0-85038907577,5,17,1,1
2-s2.0-85037528847,0,4,0,1
2-s2.0-85037035609,2,6,1,1
2-s2.0-85036619587,1,7,1,1
2-s2.0-85036581011,2,8,1,1
2-s2.0-85037616835,5,58,1,1
2-s2.0-85037069104,8,18,1,1
2-s2.0-85035045789,4,15,1,1
2-s2.0-85037361850,6,37,1,1
2-s2.0-85034767138,1,12,1,1
2-s2.0-85034848016,5,3,1,1
2-s2.0-85034734832,1,10,1,1
2-s2.0-85037043573,0,16,0,1
2-s2.0-85034059715,8,23,1,1
2-s2.0-85034068717,0,29,0,1
2-s2.0-85035142440,3,28,1,1
2-s2.0-85033572607,3,9,1,1
2-s2.0-85033681749,7,11,1,1
2-s2.0-85033564863,7,6,1,1
2-s2.0-85037815234,89,42,1,1
2-s2.0-85032809262,4,40,1,1
2-s2.0-85032829181,10,29,1,1
2-s2.0-85032898839,0,11,0,1
2-s2.0-85031791462,2,21,1,1
2-s2.0-85033598844,0,0,0,0
2-s2.0-85031501650,2,10,1,1
2-s2.0-85032985724,5,24,1,1
2-s2.0-85032897320,5,14,1,1
2-s2.0-85031321875,2,3,1,1
2-s2.0-85031103516,4,22,1,1
2-s2.0-85031722075,0,45,0,1
2-s2.0-85032472545,7,142,1,1
2-s2.0-85030714759,2,0,1,0
2-s2.0-85031920806,6,30,1,1
2-s2.0-85030473409,3,8,1,1
2-s2.0-85030234645,2,3,1,1
2-s2.0-85029673618,2,1,1,1
2-s2.0-85030563516,6,6,1,1
2-s2.0-85030718693,6,26,1,1
2-s2.0-85029208129,2,1,1,1
2-s2.0-85029569713,2,15,1,1
2-s2.0-85029765631,2,74,1,1
2-s2.0-85029008946,1,60,1,1
2-s2.0-85029406786,5,23,1,1
2-s2.0-85027868730,0,16,0,1
2-s2.0-85027694743,3,3,1,1
2-s2.0-85028911471,4,34,1,1
2-s2.0-85028746772,3,39,1,1
2-s2.0-85027170300,3,2,1,1
2-s2.0-85028639282,4,39,1,1
2-s2.0-85028617867,4,18,1,1
2-s2.0-85026749282,0,6,0,1
2-s2.0-85026659396,1,6,1,1
2-s2.0-85027589981,0,13,0,1
2-s2.0-85026242667,7,14,1,1
2-s2.0-85025595727,2,78,1,1
2-s2.0-85027152700,7,15,1,1
2-s2.0-85025594633,0,5,0,1
2-s2.0-85025092825,0,1,0,1
2-s2.0-85024501714,0,62,0,1
2-s2.0-85024099797,0,26,0,1
2-s2.0-85022066491,3,61,1,1
2-s2.0-85026426421,5,9,1,1
2-s2.0-85022326064,0,14,0,1
2-s2.0-85021632147,0,5,0,1
2-s2.0-85020708887,0,11,0,1
2-s2.0-85019771197,2,7,1,1
2-s2.0-85023768965,0,71,0,1
2-s2.0-85020398553,18,43,1,1
2-s2.0-85020273313,0,8,0,1
2-s2.0-85021903308,0,10,0,1
2-s2.0-85019629867,9,9,1,1
2-s2.0-85015838467,1,61,1,1
2-s2.0-85018891443,7,9,1,1
2-s2.0-85018866825,6,6,1,1
2-s2.0-85016590955,0,44,0,1
2-s2.0-85015744326,4,5,1,1
2-s2.0-85020307475,0,15,0,1
2-s2.0-85014123473,0,0,0,0
2-s2.0-85014059873,0,0,0,0
2-s2.0-85041211522,1,1,1,1
2-s2.0-85014742131,0,47,0,1
2-s2.0-85016940905,0,37,0,1
2-s2.0-85013677371,3,23,1,1
2-s2.0-85012901711,0,5,0,1
2-s2.0-84953775863,3,57,1,1
2-s2.0-85036668130,6,4,1,1
2-s2.0-85037083143,1,36,1,1
2-s2.0-85036544496,3,13,1,1
2-s2.0-85053773163,1,1,1,1
2-s2.0-85037706907,2,0,1,0
2-s2.0-85037705620,3,9,1,1
2-s2.0-85037691271,3,1,1,1
2-s2.0-85029581975,6,25,1,1
2-s2.0-85037688660,3,0,1,0
2-s2.0-85037691507,7,2,1,1
2-s2.0-85037677307,5,0,1,0
2-s2.0-85025460682,2,5,1,1
2-s2.0-85041233134,2,0,1,0
2-s2.0-85033791814,5,8,1,1
2-s2.0-85034116329,4,15,1,1
2-s2.0-85017574096,10,25,1,1
2-s2.0-85026784306,2,16,1,1
2-s2.0-85021831021,0,9,0,1
2-s2.0-85034084236,0,4,0,1
2-s2.0-85011272760,0,22,0,1
2-s2.0-85034062829,4,5,1,1
2-s2.0-85030756076,2,19,1,1
2-s2.0-85042318316,123,24,1,1
2-s2.0-85038864869,118,37,1,1
2-s2.0-85033452553,7,25,1,1
2-s2.0-85035068574,119,77,1,1
2-s2.0-85033705897,9,31,1,1
2-s2.0-85033717251,0,11,0,1
2-s2.0-85033553291,4,2,1,1
2-s2.0-85020732111,1,55,1,1
2-s2.0-85019580319,0,6,0,1
2-s2.0-84987617346,0,0,0,0
2-s2.0-85037350381,4,10,1,1
2-s2.0-85038430003,1,6,1,1
2-s2.0-85036559805,6,31,1,1
2-s2.0-85035243322,1,4,1,1
2-s2.0-85035229201,2,12,1,1
2-s2.0-85039697395,0,0,0,0
2-s2.0-85035140116,1,0,1,0
2-s2.0-85049238592,0,2,0,1
2-s2.0-84961216137,1,12,1,1
2-s2.0-85035116755,0,0,0,0
2-s2.0-85035108614,0,0,0,0
2-s2.0-85036627346,5,5,1,1
2-s2.0-85035090719,0,3,0,1
2-s2.0-85035069657,2,14,1,1
2-s2.0-85035205361,102,40,1,1
2-s2.0-85034749575,2,9,1,1
2-s2.0-85035060862,1,4,1,1
2-s2.0-85034639181,0,5,0,1
2-s2.0-85034419484,9,12,1,1
2-s2.0-85035214868,103,41,1,1
2-s2.0-85034067324,1,37,1,1
2-s2.0-85034066338,3,14,1,1
2-s2.0-85034045943,3,67,1,1
2-s2.0-85034116791,4,27,1,1
2-s2.0-85033781470,4,40,1,1
2-s2.0-85034422451,0,26,0,1
2-s2.0-85034867523,105,193,1,1
2-s2.0-85032803453,1,21,1,1
2-s2.0-85032919230,2,33,1,1
2-s2.0-85032939884,0,19,0,1
2-s2.0-85033804422,103,33,1,1
2-s2.0-85032710237,3,44,1,1
2-s2.0-85032299670,3,9,1,1
2-s2.0-85033779663,104,20,1,1
2-s2.0-85032156716,3,11,1,1
2-s2.0-85032145922,1,24,1,1
2-s2.0-85032026998,3,26,1,1
2-s2.0-85031327856,2,11,1,1
2-s2.0-85030864250,0,7,0,1
2-s2.0-85030719670,0,18,0,1
2-s2.0-85032732535,3,28,1,1
2-s2.0-85030154266,1,18,1,1
2-s2.0-85031903526,0,14,0,1
2-s2.0-85030701631,0,23,0,1
2-s2.0-85029833213,4,11,1,1
2-s2.0-85029472472,2,16,1,1
2-s2.0-85029010519,2,10,1,1
2-s2.0-85029530791,0,1,0,1
2-s2.0-85028915029,8,180,1,1
2-s2.0-85029452820,0,1,0,1
2-s2.0-85028729325,3,64,1,1
2-s2.0-85028055860,4,15,1,1
2-s2.0-85027434894,2,26,1,1
2-s2.0-85027402434,2,27,1,1
2-s2.0-85026820399,5,17,1,1
2-s2.0-85027496527,0,1,0,1
2-s2.0-85029227305,6,36,1,1
2-s2.0-85026825336,0,19,0,1
2-s2.0-85026907424,1,4,1,1
2-s2.0-85026811654,0,50,0,1
2-s2.0-85026725834,0,9,0,1
2-s2.0-85026384092,3,6,1,1
2-s2.0-85026448846,0,16,0,1
2-s2.0-85022210143,5,11,1,1
2-s2.0-85026431206,0,4,0,1
2-s2.0-85028810828,0,0,0,0
2-s2.0-85021454695,4,17,1,1
2-s2.0-85021165709,1,39,1,1
2-s2.0-85023622254,0,60,0,1
2-s2.0-85020298255,3,13,1,1
2-s2.0-85019390260,2,9,1,1
2-s2.0-85021846668,0,4,0,1
2-s2.0-85016748432,5,1,1,1
2-s2.0-85016639169,3,7,1,1
2-s2.0-85024373885,0,14,0,1
2-s2.0-85018936868,0,13,0,1
2-s2.0-85011876423,1,3,1,1
2-s2.0-85016593009,0,15,0,1
2-s2.0-85014609711,0,21,0,1
2-s2.0-85020463194,0,1,0,1
2-s2.0-85010189136,7,11,1,1
2-s2.0-85010726105,0,8,0,1
2-s2.0-85033596884,1,5,1,1
2-s2.0-85033604089,0,2,0,1
2-s2.0-85014239337,0,14,0,1
2-s2.0-85033580175,0,3,0,1
2-s2.0-85033571405,0,2,0,1
2-s2.0-85033555192,0,11,0,1
2-s2.0-85034836860,0,1,0,1
2-s2.0-85020689011,3,13,1,1
2-s2.0-85032635825,4,41,1,1
2-s2.0-85032508366,0,26,0,1
2-s2.0-85033581064,96,43,1,1
2-s2.0-85020897462,0,47,0,1
2-s2.0-85029814049,2,4,1,1
2-s2.0-85032623783,5,3,1,1
2-s2.0-85030660970,6,31,1,1
2-s2.0-85033609464,39,39,1,1
2-s2.0-85019347292,0,5,0,1
2-s2.0-85015830542,4,109,1,1
2-s2.0-85017191502,0,26,0,1
2-s2.0-85014078485,4,75,1,1
2-s2.0-85031330991,0,3,0,1
2-s2.0-85031694118,4,99,1,1
2-s2.0-85031087734,0,9,0,1
2-s2.0-85020173589,0,3,0,1
2-s2.0-84969769363,0,1,0,1
2-s2.0-85030708852,2,111,1,1
2-s2.0-85031705552,78,18,1,1
2-s2.0-85071707398,0,3,0,1
2-s2.0-85062482405,0,4,0,1
2-s2.0-85031026045,78,67,1,1
2-s2.0-85049884751,0,5,0,1
2-s2.0-85057640747,0,0,0,0
2-s2.0-85042116274,3,18,1,1
2-s2.0-85059788538,7,1,1,1
2-s2.0-85047802198,0,6,0,1
2-s2.0-85044844462,1,0,1,0
2-s2.0-85042642406,0,8,0,1
2-s2.0-85039728898,1,4,1,1
2-s2.0-85035804538,7,6,1,1
2-s2.0-85033462889,0,13,0,1
2-s2.0-85034055251,1,2,1,1
2-s2.0-85036521341,0,7,0,1
2-s2.0-85032884584,4,9,1,1
2-s2.0-85032703898,6,19,1,1
2-s2.0-85032856887,3,2,1,1
2-s2.0-85032581552,6,20,1,1
2-s2.0-85040784927,101,18,1,1
2-s2.0-85032342303,1,14,1,1
2-s2.0-85032260463,2,0,1,0
2-s2.0-85034450095,104,31,1,1
2-s2.0-85031809054,3,3,1,1
2-s2.0-85031784906,5,1,1,1
2-s2.0-85031711640,1,6,1,1
2-s2.0-85031294654,2,12,1,1
2-s2.0-85031803874,0,26,0,1
2-s2.0-85031289564,3,9,1,1
2-s2.0-85031291457,0,0,0,0
2-s2.0-85031280364,0,0,0,0
2-s2.0-85032667090,99,114,1,1
2-s2.0-85031097472,1,66,1,1
2-s2.0-85032307884,1,8,1,1
2-s2.0-85030672945,1,1,1,1
2-s2.0-85030689809,3,5,1,1
2-s2.0-85030679017,2,1,1,1
2-s2.0-85030722090,3,4,1,1
2-s2.0-85029802487,1,6,1,1
2-s2.0-85029763732,2,1,1,1
2-s2.0-85030645838,1,0,1,0
2-s2.0-85029742136,2,8,1,1
2-s2.0-85029671561,2,4,1,1
2-s2.0-85030670918,0,2,0,1
2-s2.0-85029687466,0,42,0,1
2-s2.0-85031118869,79,66,1,1
2-s2.0-85028771275,3,33,1,1
2-s2.0-85029426150,3,20,1,1
2-s2.0-85029788720,4,32,1,1
2-s2.0-85028707203,3,75,1,1
2-s2.0-85028545878,2,1,1,1
2-s2.0-85028543901,1,7,1,1
2-s2.0-85028327212,4,14,1,1
2-s2.0-85028541903,7,9,1,1
2-s2.0-85029441927,3,11,1,1
2-s2.0-85028023806,5,7,1,1
2-s2.0-85028009599,10,10,1,1
2-s2.0-85027502485,0,12,0,1
2-s2.0-85026501569,6,14,1,1
2-s2.0-85026883420,0,19,0,1
2-s2.0-85026895976,0,8,0,1
2-s2.0-85026308072,1,13,1,1
2-s2.0-85026764982,0,27,0,1
2-s2.0-85025104960,2,30,1,1
2-s2.0-85025656408,0,37,0,1
2-s2.0-85024486112,0,6,0,1
2-s2.0-85024089017,0,2,0,1
2-s2.0-85021836909,2,15,1,1
2-s2.0-85021820101,7,20,1,1
2-s2.0-85021815353,3,23,1,1
2-s2.0-85026479136,0,15,0,1
2-s2.0-85021653819,1,26,1,1
2-s2.0-85020920795,3,40,1,1
2-s2.0-85024123856,0,11,0,1
2-s2.0-85020890383,0,12,0,1
2-s2.0-85020300667,6,33,1,1
2-s2.0-85020002719,3,10,1,1
2-s2.0-85020250409,6,13,1,1
2-s2.0-85021748422,5,0,1,0
2-s2.0-85020209148,0,56,0,1
2-s2.0-85020713836,0,23,0,1
2-s2.0-85014287201,9,6,1,1
2-s2.0-84988683853,3,50,1,1
2-s2.0-85013845539,16,12,1,1
2-s2.0-85011662562,0,8,0,1
2-s2.0-85015077340,3,18,1,1
2-s2.0-85032030819,2,6,1,1
2-s2.0-85018171197,0,75,0,1
2-s2.0-85032027891,2,1,1,1
2-s2.0-85032029777,0,5,0,1
2-s2.0-85032024483,4,3,1,1
2-s2.0-85032016721,1,1,1,1
2-s2.0-85032019702,0,11,0,1
2-s2.0-85030480415,0,3,0,1
2-s2.0-85022178592,3,22,1,1
2-s2.0-85032001883,3,3,1,1
2-s2.0-85032011629,0,4,0,1
2-s2.0-85032005522,0,16,0,1
2-s2.0-85027871412,1,29,1,1
2-s2.0-85026921817,7,11,1,1
2-s2.0-85030112873,1,18,1,1
2-s2.0-85026915368,4,3,1,1
2-s2.0-85029674170,3,14,1,1
2-s2.0-85026253910,2,60,1,1
2-s2.0-85026900585,0,4,0,1
2-s2.0-85031749812,1,17,1,1
2-s2.0-85020460389,2,17,1,1
2-s2.0-85022020414,0,26,0,1
2-s2.0-85020015122,2,54,1,1
2-s2.0-85019633914,4,10,1,1
2-s2.0-85020398202,0,5,0,1
2-s2.0-85019599303,4,42,1,1
2-s2.0-85018724519,4,38,1,1
2-s2.0-85019577700,0,5,0,1
2-s2.0-85030156494,78,37,1,1
2-s2.0-85032437594,24,18,1,1
2-s2.0-85029863039,101,20,1,1
2-s2.0-85020929582,26,36,1,1
2-s2.0-85029422056,3,19,1,1
2-s2.0-85028816302,0,37,0,1
2-s2.0-85026732767,29,70,1,1
2-s2.0-85029381575,9,35,1,1
2-s2.0-85026288601,0,12,0,1
2-s2.0-85019133374,0,19,0,1
2-s2.0-85022040630,0,10,0,1
2-s2.0-85018703824,3,15,1,1
2-s2.0-85023769071,0,12,0,1
2-s2.0-85038213703,0,15,0,1
2-s2.0-85110702830,4,2,1,1
2-s2.0-85066815325,0,0,0,0
2-s2.0-84948765858,0,47,0,1
2-s2.0-85042352286,3,2,1,1
2-s2.0-85034654488,2,5,1,1
2-s2.0-85038252750,1,9,1,1
2-s2.0-85034953215,1,1,1,1
2-s2.0-85034051295,1,71,1,1
2-s2.0-85034030916,1,1,1,1
2-s2.0-85033228470,1,2,1,1
2-s2.0-85034980716,0,43,0,1
2-s2.0-85030613732,1,10,1,1
2-s2.0-85033377047,1,9,1,1
2-s2.0-85030673178,8,2,1,1
2-s2.0-85029922736,0,4,0,1
2-s2.0-85031118040,1,6,1,1
2-s2.0-85029708486,0,20,0,1
2-s2.0-85029575483,1,1,1,1
2-s2.0-85029692133,5,18,1,1
2-s2.0-85029009744,2,26,1,1
2-s2.0-85029682396,2,2,1,1
2-s2.0-85029397173,0,0,0,0
2-s2.0-85029485245,5,44,1,1
2-s2.0-85028414414,6,24,1,1
2-s2.0-85029760921,101,10,1,1
2-s2.0-85027978063,7,18,1,1
2-s2.0-85028425677,2,10,1,1
2-s2.0-85027502404,4,12,1,1
2-s2.0-85027586677,0,1,0,1
2-s2.0-85029606666,100,32,1,1
2-s2.0-85027254683,23,21,1,1
2-s2.0-85026795255,4,7,1,1
2-s2.0-85026872001,6,18,1,1
2-s2.0-85028347120,0,5,0,1
2-s2.0-85028331344,0,13,0,1
2-s2.0-85025825788,5,22,1,1
2-s2.0-85026293121,2,8,1,1
2-s2.0-85026314237,8,69,1,1
2-s2.0-85025176685,2,121,1,1
2-s2.0-85025096571,2,44,1,1
2-s2.0-85022207227,1,46,1,1
2-s2.0-85025467423,0,12,0,1
2-s2.0-85028680296,102,74,1,1
2-s2.0-85025155884,0,18,0,1
2-s2.0-85021255614,2,42,1,1
2-s2.0-85021452303,2,14,1,1
2-s2.0-85021932641,3,214,1,1
2-s2.0-85022055488,6,21,1,1
2-s2.0-85020808443,3,10,1,1
2-s2.0-85022025724,6,14,1,1
2-s2.0-85019957526,1,9,1,1
2-s2.0-85020479458,0,12,0,1
2-s2.0-85019605476,4,5,1,1
2-s2.0-85020038125,0,53,0,1
2-s2.0-85019262818,2,21,1,1
2-s2.0-85020725619,8,10,1,1
2-s2.0-85018872664,3,19,1,1
2-s2.0-85019424490,0,64,0,1
2-s2.0-85019169061,0,27,0,1
2-s2.0-85019127745,0,23,0,1
2-s2.0-85017172302,4,19,1,1
2-s2.0-85018529316,6,24,1,1
2-s2.0-85018785830,0,9,0,1
2-s2.0-85018626584,0,11,0,1
2-s2.0-85016392676,8,2,1,1
2-s2.0-85016132113,4,12,1,1
2-s2.0-85018764260,1,0,1,0
2-s2.0-85020628349,0,41,0,1
2-s2.0-85014672501,0,1,0,1
2-s2.0-84994474511,2,6,1,1
2-s2.0-84994875653,0,8,0,1
2-s2.0-84989221967,3,5,1,1
2-s2.0-84995563302,0,37,0,1
2-s2.0-84978272023,0,30,0,1
2-s2.0-84973161403,0,3,0,1
2-s2.0-84954510840,0,0,0,0
2-s2.0-85028546622,3,34,1,1
2-s2.0-85019993847,3,14,1,1
2-s2.0-85013054868,0,89,0,1
2-s2.0-85019743395,4,7,1,1
2-s2.0-85028826157,1,12,1,1
2-s2.0-85030212501,0,3,0,1
2-s2.0-85028313731,11,20,1,1
2-s2.0-85018190495,0,2,0,1
2-s2.0-85027888210,4,33,1,1
2-s2.0-85027678772,4,5,1,1
2-s2.0-85012991885,0,10,0,1
2-s2.0-85029358039,80,64,1,1
2-s2.0-85029094884,7,58,1,1
2-s2.0-85033226225,26,30,1,1
2-s2.0-85027358250,5,9,1,1
2-s2.0-84983507429,0,45,0,1
2-s2.0-85026916059,0,9,0,1
2-s2.0-85018441483,9,20,1,1
2-s2.0-85027051349,0,24,0,1
2-s2.0-85007300841,1,25,1,1
2-s2.0-85027347374,0,1,0,1
2-s2.0-85055177039,0,8,0,1
2-s2.0-85026865580,2,4,1,1
2-s2.0-85057524521,1,10,1,1
2-s2.0-85026361595,0,13,0,1
2-s2.0-85048559967,0,13,0,1
2-s2.0-85048524123,0,2,0,1
2-s2.0-85038256136,2,7,1,1
2-s2.0-85026798255,0,2,0,1
2-s2.0-85036548096,0,0,0,0
2-s2.0-85044634841,0,12,0,1
2-s2.0-85035334252,4,4,1,1
2-s2.0-85029428544,4,15,1,1
2-s2.0-85029395456,2,21,1,1
2-s2.0-85030160979,0,5,0,1
2-s2.0-85048292309,114,21,1,1
2-s2.0-85028024928,2,55,1,1
2-s2.0-85027708650,3,14,1,1
2-s2.0-85027685036,3,8,1,1
2-s2.0-85047806052,104,120,1,1
2-s2.0-85027522812,0,10,0,1
2-s2.0-85027833617,6,9,1,1
2-s2.0-85028345368,102,12,1,1
2-s2.0-85026644668,2,0,1,0
2-s2.0-85026472141,6,93,1,1
2-s2.0-85026326718,2,24,1,1
2-s2.0-85026823266,3,15,1,1
2-s2.0-85026458809,0,30,0,1
2-s2.0-85026377756,0,9,0,1
2-s2.0-85026291310,0,26,0,1
2-s2.0-85025137496,0,7,0,1
2-s2.0-85025128729,0,87,0,1
2-s2.0-85021712721,3,59,1,1
2-s2.0-85021825435,2,13,1,1
2-s2.0-85021683300,0,14,0,1
2-s2.0-85021167536,2,5,1,1
2-s2.0-85025091529,6,76,1,1
2-s2.0-85021142245,4,4,1,1
2-s2.0-85026264896,0,4,0,1
2-s2.0-85020875298,3,19,1,1
2-s2.0-85020837953,4,50,1,1
2-s2.0-85021245434,0,0,0,0
2-s2.0-85021197129,0,7,0,1
2-s2.0-85019905263,0,12,0,1
2-s2.0-85019391328,3,6,1,1
2-s2.0-85019882967,0,15,0,1
2-s2.0-85019700614,0,27,0,1
2-s2.0-85019260706,7,23,1,1
2-s2.0-85019568067,0,3,0,1
2-s2.0-85018427800,0,4,0,1
2-s2.0-85018738082,1,8,1,1
2-s2.0-85017289608,3,28,1,1
2-s2.0-85017507304,0,21,0,1
2-s2.0-85016785863,0,16,0,1
2-s2.0-85016266044,0,129,0,1
2-s2.0-85016108967,2,21,1,1
2-s2.0-85019205308,0,28,0,1
2-s2.0-85016236127,0,17,0,1
2-s2.0-85014246473,3,34,1,1
2-s2.0-85015912542,0,61,0,1
2-s2.0-85014036033,3,8,1,1
2-s2.0-85010303484,2,1,1,1
2-s2.0-85018272155,0,19,0,1
2-s2.0-85015693532,0,9,0,1
2-s2.0-84975229544,1,30,1,1
2-s2.0-85006856684,2,16,1,1
2-s2.0-85011031971,0,22,0,1
2-s2.0-84969988656,0,5,0,1
2-s2.0-84955270045,1,33,1,1
2-s2.0-85027731124,3,3,1,1
2-s2.0-85014088299,0,18,0,1
2-s2.0-85027714760,2,4,1,1
2-s2.0-85027727777,0,2,0,1
2-s2.0-85027700843,1,6,1,1
2-s2.0-85028931785,1,21,1,1
2-s2.0-85027675715,2,14,1,1
2-s2.0-85027710245,0,0,0,0
2-s2.0-85027695143,0,5,0,1
2-s2.0-85027407411,17,20,1,1
2-s2.0-85021179674,2,27,1,1
2-s2.0-85009765394,0,20,0,1
2-s2.0-85053778218,3,0,1,0
2-s2.0-85019480651,4,63,1,1
2-s2.0-85026672458,4,28,1,1
2-s2.0-85019151207,0,24,0,1
2-s2.0-85029508165,0,0,0,0
2-s2.0-84991508508,1,11,1,1
2-s2.0-85019223156,0,16,0,1
2-s2.0-85025686173,2,42,1,1
2-s2.0-85025448738,5,27,1,1
2-s2.0-85017465851,0,38,0,1
2-s2.0-85019400555,0,10,0,1
2-s2.0-85022213503,1,24,1,1
2-s2.0-85018624812,3,3,1,1
2-s2.0-85044572579,1,9,1,1
2-s2.0-85018318868,1,80,1,1
2-s2.0-85026299485,98,103,1,1
2-s2.0-85042673869,114,49,1,1
2-s2.0-85019878941,4,13,1,1
2-s2.0-85019204051,24,104,1,1
2-s2.0-85018934020,24,49,1,1
2-s2.0-85017359274,5,10,1,1
2-s2.0-85018181669,0,25,0,1
2-s2.0-85016103239,0,15,0,1
2-s2.0-85019200065,0,2,0,1
2-s2.0-85013498770,0,20,0,1
2-s2.0-85020703743,0,11,0,1
2-s2.0-84967153444,0,4,0,1
2-s2.0-85031118832,1,3,1,1
2-s2.0-85051382752,0,6,0,1
2-s2.0-85118788235,8,0,1,0
2-s2.0-85047389282,1,3,1,1
2-s2.0-85047379254,1,1,1,1
2-s2.0-85047383819,5,3,1,1
2-s2.0-85039839552,4,9,1,1
2-s2.0-85030122617,1,8,1,1
2-s2.0-85041341419,5,1,1,1
2-s2.0-85034973772,4,8,1,1
2-s2.0-85028923880,2,17,1,1
2-s2.0-85029860144,3,11,1,1
2-s2.0-85030638977,0,0,0,0
2-s2.0-85027155837,1,8,1,1
2-s2.0-85041291835,0,0,0,0
2-s2.0-85028467481,0,1,0,1
2-s2.0-85027096099,0,4,0,1
2-s2.0-85026540368,0,2,0,1
2-s2.0-85027855818,7,29,1,1
2-s2.0-85025113629,0,1,0,1
2-s2.0-85026477348,1,9,1,1
2-s2.0-85027228739,6,28,1,1
2-s2.0-85024881655,0,26,0,1
2-s2.0-85026472533,0,34,0,1
2-s2.0-85024494583,4,12,1,1
2-s2.0-85024833634,0,4,0,1
2-s2.0-85024481152,1,2,1,1
2-s2.0-85026420414,0,29,0,1
2-s2.0-85024495162,0,3,0,1
2-s2.0-85023747288,4,52,1,1
2-s2.0-85022331937,0,111,0,1
2-s2.0-85022039832,2,5,1,1
2-s2.0-85023773642,0,1,0,1
2-s2.0-85023613471,0,29,0,1
2-s2.0-85021846732,1,14,1,1
2-s2.0-85021908629,4,24,1,1
2-s2.0-85024387884,102,63,1,1
2-s2.0-85021817350,2,0,1,0
2-s2.0-85021760726,1,1,1,1
2-s2.0-85021882626,4,39,1,1
2-s2.0-85022008132,4,36,1,1
2-s2.0-85021195338,9,32,1,1
2-s2.0-85021802005,0,78,0,1
2-s2.0-85021930052,1,20,1,1
2-s2.0-85021419886,12,11,1,1
2-s2.0-85020713627,0,1,0,1
2-s2.0-85020642085,2,4,1,1
2-s2.0-85020389443,2,4,1,1
2-s2.0-85020871557,0,28,0,1
2-s2.0-85019366307,3,10,1,1
2-s2.0-85019918519,0,10,0,1
2-s2.0-85020079230,9,10,1,1
2-s2.0-85020298286,4,49,1,1
2-s2.0-85019662687,10,4,1,1
2-s2.0-85019121309,0,16,0,1
2-s2.0-85018945638,0,27,0,1
2-s2.0-85020165972,0,26,0,1
2-s2.0-85018305585,2,128,1,1
2-s2.0-85018853678,0,12,0,1
2-s2.0-85017569167,4,11,1,1
2-s2.0-85017453495,2,11,1,1
2-s2.0-85017371447,1,3,1,1
2-s2.0-85017130154,2,58,1,1
2-s2.0-85018591368,0,18,0,1
2-s2.0-85016508942,2,6,1,1
2-s2.0-85017442506,0,16,0,1
2-s2.0-85019219681,0,39,0,1
2-s2.0-85016183732,0,12,0,1
2-s2.0-85015840748,9,18,1,1
2-s2.0-85015422761,1,26,1,1
2-s2.0-85015369550,2,164,1,1
2-s2.0-85015079231,5,50,1,1
2-s2.0-85015978471,8,23,1,1
2-s2.0-85014315476,5,10,1,1
2-s2.0-85014572588,6,10,1,1
2-s2.0-85016004765,0,44,0,1
2-s2.0-85013031091,2,68,1,1
2-s2.0-85014542465,0,8,0,1
2-s2.0-85010723343,2,23,1,1
2-s2.0-84992744410,1,18,1,1
2-s2.0-85013127716,2,35,1,1
2-s2.0-85006943911,0,17,0,1
2-s2.0-85010739260,1,12,1,1
2-s2.0-85021666533,4,31,1,1
2-s2.0-84924787455,0,44,0,1
2-s2.0-85012909571,0,5,0,1
2-s2.0-85013093636,0,8,0,1
2-s2.0-84976516534,3,4,1,1
2-s2.0-85030684851,2,20,1,1
2-s2.0-85011968954,2,59,1,1
2-s2.0-84989831761,0,3,0,1
2-s2.0-85022058289,2,1,1,1
2-s2.0-85022178153,0,4,0,1
2-s2.0-85022088118,4,26,1,1
2-s2.0-85022048334,2,38,1,1
2-s2.0-85022027018,1,2,1,1
2-s2.0-85017558852,0,2,0,1
2-s2.0-85022037740,0,7,0,1
2-s2.0-85015146182,1,5,1,1
2-s2.0-85009945358,8,9,1,1
2-s2.0-85021935376,0,0,0,0
2-s2.0-84976328529,4,12,1,1
2-s2.0-85021281194,2,10,1,1
2-s2.0-85020667289,0,1,0,1
2-s2.0-85020446982,9,4,1,1
2-s2.0-85020279374,0,36,0,1
2-s2.0-85017798668,24,124,1,1
2-s2.0-85067933909,0,6,0,1
2-s2.0-85066010054,0,3,0,1
2-s2.0-85043991537,0,0,0,0
2-s2.0-85040001154,1,12,1,1
2-s2.0-85036589103,1,3,1,1
2-s2.0-85029042071,5,3,1,1
2-s2.0-85029445324,0,35,0,1
2-s2.0-85028259570,0,14,0,1
2-s2.0-85026465885,3,5,1,1
2-s2.0-85026730639,0,9,0,1
2-s2.0-85026266453,0,2,0,1
2-s2.0-85022048891,0,18,0,1
2-s2.0-85021976876,7,11,1,1
2-s2.0-85027415344,0,2,0,1
2-s2.0-85021831398,4,9,1,1
2-s2.0-85021788163,4,22,1,1
2-s2.0-85021949876,0,8,0,1
2-s2.0-85021870304,0,3,0,1
2-s2.0-85021405061,4,37,1,1
2-s2.0-85021636485,0,62,0,1
2-s2.0-85020456674,1,8,1,1
2-s2.0-85021376037,0,3,0,1
2-s2.0-85020284765,4,0,1,0
2-s2.0-85020705080,2,34,1,1
2-s2.0-85020252818,1,2,1,1
2-s2.0-85020640329,3,15,1,1
2-s2.0-85020258965,0,1,0,1
2-s2.0-85020271702,0,5,0,1
2-s2.0-85020454782,0,23,0,1
2-s2.0-85019810458,0,0,0,0
2-s2.0-85020246655,8,14,1,1
2-s2.0-85019571966,1,30,1,1
2-s2.0-85018730573,2,4,1,1
2-s2.0-85019026920,10,74,1,1
2-s2.0-85019611990,0,53,0,1
2-s2.0-85019212507,0,42,0,1
2-s2.0-85017645249,2,8,1,1
2-s2.0-85017138354,7,53,1,1
2-s2.0-85017132684,3,7,1,1
2-s2.0-85016488321,9,45,1,1
2-s2.0-85015791870,1,41,1,1
2-s2.0-85017293760,0,0,0,0
2-s2.0-85017410508,0,0,0,0
2-s2.0-85017585878,0,42,0,1
2-s2.0-85015312296,0,41,0,1
2-s2.0-85017175515,0,8,0,1
2-s2.0-85015182940,0,3,0,1
2-s2.0-85014488684,0,16,0,1
2-s2.0-85013626257,5,20,1,1
2-s2.0-85008144312,3,5,1,1
2-s2.0-85015303062,0,12,0,1
2-s2.0-85011697941,0,2,0,1
2-s2.0-85007420336,4,14,1,1
2-s2.0-85007453688,0,19,0,1
2-s2.0-85014003896,4,61,1,1
2-s2.0-85006355741,2,10,1,1
2-s2.0-85007583353,2,29,1,1
2-s2.0-85006483351,0,11,0,1
2-s2.0-85002125795,0,1,0,1
2-s2.0-85006489520,0,11,0,1
2-s2.0-84998854141,0,3,0,1
2-s2.0-84995451816,3,33,1,1
2-s2.0-84995527068,3,26,1,1
2-s2.0-85007402599,0,4,0,1
2-s2.0-85002645155,0,15,0,1
2-s2.0-84963811404,2,35,1,1
2-s2.0-84979300188,1,37,1,1
2-s2.0-84966681631,1,1,1,1
2-s2.0-84992739291,0,23,0,1
2-s2.0-85019716424,0,12,0,1
2-s2.0-84980329240,0,47,0,1
2-s2.0-84988911824,3,39,1,1
2-s2.0-85019738408,3,26,1,1
2-s2.0-84937053705,0,20,0,1
2-s2.0-85020692254,0,24,0,1
2-s2.0-85019917255,0,9,0,1
2-s2.0-84984706715,4,5,1,1
2-s2.0-85019889916,0,12,0,1
2-s2.0-84965057105,0,14,0,1
2-s2.0-85019540883,0,2,0,1
2-s2.0-85019546029,5,46,1,1
2-s2.0-85020552980,3,32,1,1
2-s2.0-85019895293,2,29,1,1
2-s2.0-85009827453,0,29,0,1
2-s2.0-85020652243,10,303,1,1
2-s2.0-85014995898,8,3,1,1
2-s2.0-85019907104,2,3,1,1
2-s2.0-85019155913,1,34,1,1
2-s2.0-85014088197,24,81,1,1
2-s2.0-85014119789,24,49,1,1
2-s2.0-85014010459,24,28,1,1
2-s2.0-85019039829,0,0,0,0
2-s2.0-85010952378,0,3,0,1
2-s2.0-85019017161,0,3,0,1
2-s2.0-85008319824,6,4,1,1
2-s2.0-84982307013,0,7,0,1
2-s2.0-85050039063,1,6,1,1
2-s2.0-85129542750,0,0,0,0
2-s2.0-85129538807,0,0,0,0
2-s2.0-85129505335,0,0,0,0
2-s2.0-85027281959,3,27,1,1
2-s2.0-85027264257,3,30,1,1
2-s2.0-85028235982,0,26,0,1
2-s2.0-85027261029,4,14,1,1
2-s2.0-85020819077,0,1,0,1
2-s2.0-85020789776,0,3,0,1
2-s2.0-85021837026,0,6,0,1
2-s2.0-85020460251,0,1,0,1
2-s2.0-85021813728,0,7,0,1
2-s2.0-85020392113,0,24,0,1
2-s2.0-85020118253,0,3,0,1
2-s2.0-85020418875,0,3,0,1
2-s2.0-85019893268,0,40,0,1
2-s2.0-85019893177,0,36,0,1
2-s2.0-85020058027,6,112,1,1
2-s2.0-85019064508,0,18,0,1
2-s2.0-85019988422,98,30,1,1
2-s2.0-85018916942,0,4,0,1
2-s2.0-85019842312,102,32,1,1
2-s2.0-85019027567,0,17,0,1
2-s2.0-85019012671,4,85,1,1
2-s2.0-85019142346,102,20,1,1
2-s2.0-85018859844,4,18,1,1
2-s2.0-85018407395,7,32,1,1
2-s2.0-85018430636,3,9,1,1
2-s2.0-85018750564,0,15,0,1
2-s2.0-85018796565,1,0,1,0
2-s2.0-85018395798,0,13,0,1
2-s2.0-85018385250,0,19,0,1
2-s2.0-85018343418,0,24,0,1
2-s2.0-85018742747,0,12,0,1
2-s2.0-85018306253,0,31,0,1
2-s2.0-85018269665,0,41,0,1
2-s2.0-85017002844,2,1004,1,1
2-s2.0-85018364196,0,3,0,1
2-s2.0-85016009856,4,23,1,1
2-s2.0-85016448113,0,11,0,1
2-s2.0-85016066810,0,37,0,1
2-s2.0-85017159932,0,1,0,1
2-s2.0-85013930490,6,19,1,1
2-s2.0-85014291050,0,24,0,1
2-s2.0-85017571164,0,21,0,1
2-s2.0-85015993999,2,8,1,1
2-s2.0-85013836000,0,108,0,1
2-s2.0-85014885327,0,23,0,1
2-s2.0-85013162277,3,28,1,1
2-s2.0-85013130995,2,34,1,1
2-s2.0-85012979653,2,5,1,1
2-s2.0-85013287776,5,5,1,1
2-s2.0-85011305866,1,32,1,1
2-s2.0-85012253709,0,15,0,1
2-s2.0-85010806735,3,27,1,1
2-s2.0-85010894783,0,47,0,1
2-s2.0-85009759061,5,21,1,1
2-s2.0-85008668686,2,23,1,1
2-s2.0-85009270177,3,21,1,1
2-s2.0-85008223112,5,24,1,1
2-s2.0-85006817947,1,44,1,1
2-s2.0-84995906304,1,4,1,1
2-s2.0-84962013260,2,27,1,1
2-s2.0-85010197129,4,32,1,1
2-s2.0-85000995879,0,5,0,1
2-s2.0-85020541218,0,72,0,1
2-s2.0-85017369694,0,4,0,1
2-s2.0-85017427630,0,20,0,1
2-s2.0-85026654265,0,4,0,1
2-s2.0-84930716880,0,13,0,1
2-s2.0-85018358314,2,116,1,1
2-s2.0-85014564504,1,26,1,1
2-s2.0-84924131601,0,9,0,1
2-s2.0-85018508063,9,4,1,1
2-s2.0-85018565544,0,9,0,1
2-s2.0-85017539149,7,34,1,1
2-s2.0-85012285151,2,19,1,1
2-s2.0-85014911672,5,8,1,1
2-s2.0-85018160768,6,34,1,1
2-s2.0-85018860581,0,13,0,1
2-s2.0-85017292153,1,14,1,1
2-s2.0-85008658156,1,22,1,1
2-s2.0-85017663859,2,17,1,1
2-s2.0-85013378489,24,21,1,1
2-s2.0-85017431873,2,10,1,1
2-s2.0-85011688958,26,96,1,1
2-s2.0-85016629021,0,30,0,1
2-s2.0-85017460322,0,39,0,1
2-s2.0-84991442352,2,4,1,1
2-s2.0-85019699633,2,81,1,1
2-s2.0-85032992133,1,19,1,1
2-s2.0-85013453516,0,43,0,1
2-s2.0-85029567404,3,10,1,1
2-s2.0-85030848700,2,2,1,1
2-s2.0-85018714087,0,76,0,1
2-s2.0-85024109215,1,0,1,0
2-s2.0-85027030613,0,0,0,0
2-s2.0-85020486096,1,9,1,1
2-s2.0-85024090206,1,0,1,0
2-s2.0-85021728716,5,5,1,1
2-s2.0-85020268513,6,5,1,1
2-s2.0-85019732425,3,16,1,1
2-s2.0-85019627543,0,2,0,1
2-s2.0-85031806028,101,14,1,1
2-s2.0-85019567707,0,0,0,0
2-s2.0-85019270813,1,2,1,1
2-s2.0-85019263195,1,0,1,0
2-s2.0-85020440503,0,2,0,1
2-s2.0-85019220804,1,19,1,1
2-s2.0-85019199111,2,9,1,1
2-s2.0-85019260175,0,23,0,1
2-s2.0-85019117026,6,33,1,1
2-s2.0-85019560265,0,11,0,1
2-s2.0-85018748093,3,9,1,1
2-s2.0-85018736746,2,8,1,1
2-s2.0-85019183308,0,3,0,1
2-s2.0-85018980927,0,28,0,1
2-s2.0-85018657606,0,25,0,1
2-s2.0-85018681594,0,17,0,1
2-s2.0-85019139746,0,3,0,1
2-s2.0-85018517852,0,5,0,1
2-s2.0-85018311334,2,29,1,1
2-s2.0-85018461624,0,39,0,1
2-s2.0-85018301993,0,5,0,1
2-s2.0-85018292211,4,29,1,1
2-s2.0-85017560636,0,43,0,1
2-s2.0-85018326852,1,1,1,1
2-s2.0-85018514376,101,92,1,1
2-s2.0-85017559134,0,9,0,1
2-s2.0-85017551091,0,0,0,0
2-s2.0-85018259117,97,59,1,1
2-s2.0-85017249129,0,37,0,1
2-s2.0-85017471048,0,5,0,1
2-s2.0-85017443574,0,19,0,1
2-s2.0-85017212516,4,29,1,1
2-s2.0-85017527143,94,40,1,1
2-s2.0-85017196157,0,4,0,1
2-s2.0-85016417054,3,8,1,1
2-s2.0-85017183573,0,4,0,1
2-s2.0-85017140702,4,19,1,1
2-s2.0-85017132112,0,32,0,1
2-s2.0-85016390274,2,2,1,1
2-s2.0-85016565751,0,2,0,1
2-s2.0-85016305269,0,8,0,1
2-s2.0-85015803111,5,3,1,1
2-s2.0-85014931392,6,65,1,1
2-s2.0-85016189124,0,5,0,1
2-s2.0-85014848973,2,9,1,1
2-s2.0-85015691907,6,1,1,1
2-s2.0-85014343235,3,115,1,1
2-s2.0-85014296413,3,27,1,1
2-s2.0-85014813255,3,65,1,1
2-s2.0-85014065434,3,34,1,1
2-s2.0-85014116371,4,13,1,1
2-s2.0-85013884945,6,18,1,1
2-s2.0-85013480811,4,17,1,1
2-s2.0-85013499578,5,0,1,0
2-s2.0-85013751948,0,49,0,1
2-s2.0-85013480638,1,18,1,1
2-s2.0-85013427895,4,23,1,1
2-s2.0-85013228290,29,283,1,1
2-s2.0-85014114721,4,41,1,1
2-s2.0-85009181368,4,44,1,1
2-s2.0-85009936490,3,34,1,1
2-s2.0-85010886983,9,27,1,1
2-s2.0-85011874591,6,59,1,1
2-s2.0-85008703071,0,33,0,1
2-s2.0-85011928303,0,30,0,1
2-s2.0-85007508414,0,23,0,1
2-s2.0-85007331123,4,24,1,1
2-s2.0-85006952323,2,31,1,1
2-s2.0-85006802852,1,42,1,1
2-s2.0-85007179642,0,11,0,1
2-s2.0-85008251787,0,110,0,1
2-s2.0-85006511570,3,35,1,1
2-s2.0-85006700610,0,6,0,1
2-s2.0-85005822696,2,17,1,1
2-s2.0-85007389076,0,5,0,1
2-s2.0-85006149976,0,12,0,1
2-s2.0-85003845809,3,2,1,1
2-s2.0-84995679027,4,50,1,1
2-s2.0-84997426753,0,13,0,1
2-s2.0-84995593578,0,10,0,1
2-s2.0-85006054809,1,7,1,1
2-s2.0-84991730493,0,7,0,1
2-s2.0-84983206016,0,13,0,1
2-s2.0-84982920557,1,9,1,1
2-s2.0-84980642001,2,322,1,1
2-s2.0-84991627900,0,2,0,1
2-s2.0-84982987616,3,18,1,1
2-s2.0-84989213644,0,15,0,1
2-s2.0-85022346611,3,4,1,1
2-s2.0-84987607076,0,15,0,1
2-s2.0-85022331564,1,5,1,1
2-s2.0-84930747037,0,19,0,1
2-s2.0-85022342234,0,21,0,1
2-s2.0-85022329248,5,8,1,1
2-s2.0-84994682670,0,2,0,1
2-s2.0-85022053995,4,3,1,1
2-s2.0-85016573490,3,24,1,1
2-s2.0-85016402277,1,49,1,1
2-s2.0-85016336322,6,3,1,1
2-s2.0-85017133066,0,133,0,1
2-s2.0-85013411064,0,23,0,1
2-s2.0-85016273515,0,50,0,1
2-s2.0-85016158851,76,128,1,1
2-s2.0-85016124689,0,45,0,1
2-s2.0-85010403057,0,30,0,1
2-s2.0-85016055447,0,61,0,1
2-s2.0-85009814697,4,18,1,1
2-s2.0-85015765663,0,16,0,1
2-s2.0-85009074440,3,13,1,1
2-s2.0-85008431785,7,42,1,1
2-s2.0-85014521308,0,9,0,1
2-s2.0-84977672428,4,93,1,1
2-s2.0-84992159138,0,23,0,1
2-s2.0-85017217824,0,31,0,1
2-s2.0-85012297132,0,16,0,1
2-s2.0-85003422048,0,37,0,1
2-s2.0-85010375391,24,57,1,1
2-s2.0-85015734132,0,3,0,1
2-s2.0-85021639760,1,11,1,1
2-s2.0-85014340978,0,15,0,1
2-s2.0-85023196501,6,14,1,1
2-s2.0-85012049714,0,9,0,1
2-s2.0-84981186485,0,27,0,1
2-s2.0-85105126979,0,11,0,1
2-s2.0-84973098799,0,5,0,1
2-s2.0-85059624915,1,8,1,1
2-s2.0-85014899814,0,23,0,1
2-s2.0-85035773536,6,66,1,1
2-s2.0-85040713584,2,21,1,1
2-s2.0-85019887684,0,11,0,1
2-s2.0-85018768320,0,2,0,1
2-s2.0-85018766550,0,6,0,1
2-s2.0-85018868839,0,3,0,1
2-s2.0-85018532169,4,6,1,1
2-s2.0-85019852259,6,22,1,1
2-s2.0-85018267789,0,6,0,1
2-s2.0-85018166615,0,28,0,1
2-s2.0-85018351017,0,9,0,1
2-s2.0-85018324935,0,10,0,1
2-s2.0-85017161520,0,0,0,0
2-s2.0-85017037401,4,83,1,1
2-s2.0-85017031249,4,43,1,1
2-s2.0-85017022778,0,15,0,1
2-s2.0-85016791059,0,3,0,1
2-s2.0-85016766249,6,5,1,1
2-s2.0-85016311144,4,8,1,1
2-s2.0-85016206557,0,1,0,1
2-s2.0-85015659338,0,36,0,1
2-s2.0-85015743748,4,39,1,1
2-s2.0-85015645295,0,11,0,1
2-s2.0-85015831524,4,28,1,1
2-s2.0-85015211976,2,11,1,1
2-s2.0-85015255304,0,11,0,1
2-s2.0-85016087590,95,46,1,1
2-s2.0-85014930015,3,17,1,1
2-s2.0-85015187333,6,12,1,1
2-s2.0-85015284826,0,21,0,1
2-s2.0-85015214116,2,5,1,1
2-s2.0-85014504388,0,49,0,1
2-s2.0-85014990571,4,19,1,1
2-s2.0-85014415620,0,5,0,1
2-s2.0-85014402533,0,6,0,1
2-s2.0-85013167923,1,15,1,1
2-s2.0-85012300554,3,5,1,1
2-s2.0-85011066657,5,7,1,1
2-s2.0-85014456686,0,4,0,1
2-s2.0-85012240026,5,19,1,1
2-s2.0-85010297635,6,31,1,1
2-s2.0-85010830926,1,4,1,1
2-s2.0-85009736233,4,58,1,1
2-s2.0-85009820845,5,9,1,1
2-s2.0-85010874962,0,48,0,1
2-s2.0-85010955848,1,8,1,1
2-s2.0-85014082640,0,58,0,1
2-s2.0-85008485158,1,71,1,1
2-s2.0-85009070273,0,8,0,1
2-s2.0-85008512774,0,19,0,1
2-s2.0-85008173317,4,83,1,1
2-s2.0-85008194353,5,34,1,1
2-s2.0-85008451523,0,45,0,1
2-s2.0-85006415465,10,6,1,1
2-s2.0-85008165479,0,2,0,1
2-s2.0-85006482275,6,30,1,1
2-s2.0-85007556269,0,7,0,1
2-s2.0-85000502400,4,73,1,1
2-s2.0-84999861870,1,36,1,1
2-s2.0-85005963657,0,16,0,1
2-s2.0-84994417728,1,9,1,1
2-s2.0-85001863240,1,8,1,1
2-s2.0-84994311417,1,12,1,1
2-s2.0-84995614737,0,44,0,1
2-s2.0-84992143327,3,7,1,1
2-s2.0-84979544817,1,3,1,1
2-s2.0-84986274537,5,22,1,1
2-s2.0-84984890251,0,10,0,1
2-s2.0-84984802035,0,28,0,1
2-s2.0-84978758590,0,86,0,1
2-s2.0-84978160556,0,4,0,1
2-s2.0-84970990065,2,47,1,1
2-s2.0-84957545994,2,35,1,1
2-s2.0-84969900695,3,7,1,1
2-s2.0-84946593029,6,19,1,1
2-s2.0-84994660110,0,3,0,1
2-s2.0-84976878514,5,8,1,1
2-s2.0-84929430245,2,28,1,1
2-s2.0-85002549355,4,6,1,1
2-s2.0-85005992142,4,31,1,1
2-s2.0-85000359968,1,27,1,1
2-s2.0-85014074101,1,10,1,1
2-s2.0-85011665228,0,45,0,1
2-s2.0-84994096890,0,27,0,1
2-s2.0-85013892035,3,24,1,1
2-s2.0-85014421025,2,37,1,1
2-s2.0-85008692987,4,22,1,1
2-s2.0-85008198166,1,117,1,1
2-s2.0-85008233322,0,20,0,1
2-s2.0-85013399115,7,87,1,1
2-s2.0-85013243990,0,15,0,1
2-s2.0-85002179227,0,15,0,1
2-s2.0-85002062844,0,106,0,1
2-s2.0-85013414300,0,5,0,1
2-s2.0-84992646535,2,80,1,1
2-s2.0-84992435633,4,30,1,1
2-s2.0-85007251845,24,244,1,1
2-s2.0-85055135693,6,177,1,1
2-s2.0-85012875216,0,36,0,1
2-s2.0-85054800259,3,3,1,1
2-s2.0-85039713078,2,6,1,1
2-s2.0-85011883202,0,53,0,1
2-s2.0-85011536644,5,22,1,1
2-s2.0-85031937488,1,11,1,1
2-s2.0-85020619016,2,12,1,1
2-s2.0-85019953619,0,4,0,1
2-s2.0-85020780013,1,5,1,1
2-s2.0-85018675395,0,1,0,1
2-s2.0-85016048154,0,33,0,1
2-s2.0-85016012452,0,2,0,1
2-s2.0-85016500803,0,32,0,1
2-s2.0-85016010617,0,21,0,1
2-s2.0-85015775357,3,8,1,1
2-s2.0-85016446679,0,16,0,1
2-s2.0-85014673795,4,165,1,1
2-s2.0-85016005249,7,15,1,1
2-s2.0-85013937924,4,35,1,1
2-s2.0-85012994379,0,6,0,1
2-s2.0-85013989379,94,20,1,1
2-s2.0-85013487535,4,59,1,1
2-s2.0-85013928870,2,16,1,1
2-s2.0-85012930290,11,53,1,1
2-s2.0-85012863306,4,45,1,1
2-s2.0-85012930132,6,11,1,1
2-s2.0-85012230357,4,50,1,1
2-s2.0-85011681631,1,30,1,1
2-s2.0-85011914839,0,29,0,1
2-s2.0-85011880063,0,44,0,1
2-s2.0-85011382723,1,17,1,1
2-s2.0-85012196187,0,3,0,1
2-s2.0-85010366371,0,98,0,1
2-s2.0-85009415878,0,101,0,1
2-s2.0-85011673013,0,8,0,1
2-s2.0-85011623222,0,23,0,1
2-s2.0-85009783261,0,8,0,1
2-s2.0-85008415010,1,51,1,1
2-s2.0-85007560439,4,1,1,1
2-s2.0-85007610435,0,63,0,1
2-s2.0-85007495617,3,60,1,1
2-s2.0-85008343598,0,58,0,1
2-s2.0-85007473614,0,38,0,1
2-s2.0-85007159367,0,2,0,1
2-s2.0-85006918777,0,46,0,1
2-s2.0-85006511817,4,37,1,1
2-s2.0-85006381853,1,190,1,1
2-s2.0-85006324295,2,48,1,1
2-s2.0-85007239977,0,8,0,1
2-s2.0-85006293761,1,46,1,1
2-s2.0-85007155295,0,1,0,1
2-s2.0-85003967137,5,35,1,1
2-s2.0-85006368814,2,6,1,1
2-s2.0-84996619356,1,23,1,1
2-s2.0-84995938576,2,38,1,1
2-s2.0-85002486051,0,15,0,1
2-s2.0-84997416778,5,29,1,1
2-s2.0-84995598599,3,24,1,1
2-s2.0-84994476843,3,36,1,1
2-s2.0-85006054784,4,30,1,1
2-s2.0-84994442827,4,24,1,1
2-s2.0-84995792946,0,19,0,1
2-s2.0-84994226123,5,19,1,1
2-s2.0-84992395867,1,3,1,1
2-s2.0-84990954623,1,37,1,1
2-s2.0-84991086985,4,95,1,1
2-s2.0-84991071437,4,2,1,1
2-s2.0-84994060891,0,2,0,1
2-s2.0-84994129911,1,1,1,1
2-s2.0-84988557100,12,26,1,1
2-s2.0-84984683766,4,20,1,1
2-s2.0-84973577783,3,66,1,1
2-s2.0-84988027283,1,8,1,1
2-s2.0-84959461157,1,12,1,1
2-s2.0-84990942552,0,28,0,1
2-s2.0-84945433042,3,25,1,1
2-s2.0-84957558259,0,13,0,1
2-s2.0-84945978534,0,45,0,1
2-s2.0-84979790113,5,7,1,1
2-s2.0-84940704057,3,2,1,1
2-s2.0-85013176235,2,9,1,1
2-s2.0-85013174135,0,4,0,1
2-s2.0-85013173967,2,6,1,1
2-s2.0-85013157945,2,0,1,0
2-s2.0-85008604264,5,47,1,1
2-s2.0-85013146773,1,12,1,1
2-s2.0-85006699764,3,18,1,1
2-s2.0-85011620491,0,37,0,1
2-s2.0-85013149522,0,3,0,1
2-s2.0-84998679720,3,42,1,1
2-s2.0-84992146624,4,26,1,1
2-s2.0-84994716119,2,91,1,1
2-s2.0-85028270382,0,10,0,1
2-s2.0-85009999737,2,25,1,1
2-s2.0-85021429910,4,19,1,1
2-s2.0-85019019772,94,12,1,1
2-s2.0-85018346645,0,19,0,1
2-s2.0-85003035997,2,26,1,1
2-s2.0-85006992960,2,10,1,1
2-s2.0-85011044706,0,24,0,1
2-s2.0-85000450726,6,65,1,1
2-s2.0-84988728305,4,36,1,1
2-s2.0-85009518071,1,29,1,1
2-s2.0-84988419028,5,168,1,1
2-s2.0-84983740530,5,68,1,1
2-s2.0-85009511178,2,13,1,1
2-s2.0-85010297712,2,32,1,1
2-s2.0-85010441099,0,5,0,1
2-s2.0-85006341916,0,59,0,1
2-s2.0-85011064155,0,18,0,1
2-s2.0-85008711948,7,64,1,1
2-s2.0-85010878240,4,24,1,1
2-s2.0-85009193566,1,22,1,1
2-s2.0-85008226749,2,22,1,1
2-s2.0-84996607137,24,3,1,1
2-s2.0-85009412369,5,4,1,1
2-s2.0-85003591348,2,10,1,1
2-s2.0-85006966243,0,14,0,1
2-s2.0-85019942987,4,24,1,1
2-s2.0-85015842856,4,3,1,1
2-s2.0-84983527168,1,18,1,1
2-s2.0-85008395149,0,129,0,1
2-s2.0-84992360844,0,0,0,0
2-s2.0-84978782684,2,1,1,1
2-s2.0-84980009982,0,4,0,1
2-s2.0-84931396541,0,9,0,1
2-s2.0-85129496444,0,0,0,0
2-s2.0-85119605695,4,0,1,0
2-s2.0-85101633865,0,21,0,1
2-s2.0-85074993734,1,0,1,0
2-s2.0-85079872439,1,2,1,1
2-s2.0-85074982759,1,1,1,1
2-s2.0-85073497004,4,8,1,1
2-s2.0-85073551609,2,23,1,1
2-s2.0-85064939860,0,5,0,1
2-s2.0-85060865521,0,8,0,1
2-s2.0-85064329082,0,0,0,0
2-s2.0-85056782073,2,2,1,1
2-s2.0-85057637977,0,3,0,1
2-s2.0-85055775227,1,2,1,1
2-s2.0-85050579817,0,4,0,1
2-s2.0-85050470048,2,6,1,1
2-s2.0-85050004531,1,1,1,1
2-s2.0-85049994173,1,7,1,1
2-s2.0-85047752971,5,62,1,1
2-s2.0-85046763884,2,5,1,1
2-s2.0-85046703749,1,1,1,1
2-s2.0-85045530106,5,0,1,0
2-s2.0-85044580580,0,13,0,1
2-s2.0-85045511213,4,5,1,1
2-s2.0-85043328546,2,2,1,1
2-s2.0-85043983697,0,8,0,1
2-s2.0-85043310056,1,1,1,1
2-s2.0-85043982520,0,0,0,0
2-s2.0-85043983145,0,5,0,1
2-s2.0-85042769895,2,13,1,1
2-s2.0-85042517867,1,1,1,1
2-s2.0-85042236972,1,3,1,1
2-s2.0-85042237382,4,4,1,1
2-s2.0-85042225781,0,42,0,1
2-s2.0-85042285371,0,4,0,1
2-s2.0-85042213438,4,8,1,1
2-s2.0-85042157440,0,1,0,1
2-s2.0-85042113397,0,1,0,1
2-s2.0-85042127612,0,1,0,1
2-s2.0-85041642325,0,3,0,1
2-s2.0-85040997119,1,5,1,1
2-s2.0-85041118443,1,0,1,0
2-s2.0-85040835706,2,6,1,1
2-s2.0-85040840060,0,15,0,1
2-s2.0-85040819070,0,22,0,1
2-s2.0-85040314314,0,19,0,1
2-s2.0-85040095595,2,5,1,1
2-s2.0-85040087746,1,9,1,1
2-s2.0-85040003809,2,37,1,1
2-s2.0-85039921941,3,3,1,1
2-s2.0-85039917099,2,9,1,1
2-s2.0-85039858903,0,4,0,1
2-s2.0-85039040238,0,0,0,0
2-s2.0-85038963235,2,3,1,1
2-s2.0-85038396389,2,7,1,1
2-s2.0-85037533326,2,8,1,1
2-s2.0-85038633668,4,26,1,1
2-s2.0-85037118602,0,19,0,1
2-s2.0-85038249401,4,9,1,1
2-s2.0-85037049340,2,2,1,1
2-s2.0-85038235849,0,1,0,1
2-s2.0-85038620073,5,23,1,1
2-s2.0-85037044596,8,10,1,1
2-s2.0-85036559393,0,7,0,1
2-s2.0-85035788477,6,12,1,1
2-s2.0-85035090657,6,23,1,1
2-s2.0-85034818686,2,26,1,1
2-s2.0-85034849379,3,2,1,1
2-s2.0-85034761711,7,8,1,1
2-s2.0-85034619160,0,1,0,1
2-s2.0-85034636939,1,22,1,1
2-s2.0-85034601570,0,1,0,1
2-s2.0-85034577755,2,11,1,1
2-s2.0-85034586452,0,0,0,0
2-s2.0-85034581318,4,20,1,1
2-s2.0-85034573081,0,12,0,1
2-s2.0-85033467716,2,15,1,1
2-s2.0-85034217773,12,126,1,1
2-s2.0-85033723072,1,24,1,1
2-s2.0-85033496227,0,0,0,0
2-s2.0-85032934701,4,82,1,1
2-s2.0-85033238283,0,0,0,0
2-s2.0-85032809228,1,1,1,1
2-s2.0-85033229177,7,65,1,1
2-s2.0-85032907817,0,84,0,1
2-s2.0-85032972173,5,25,1,1
2-s2.0-85032591455,2,1,1,1
2-s2.0-85032906454,2,6,1,1
2-s2.0-85032689537,0,35,0,1
2-s2.0-85032723050,7,9,1,1
2-s2.0-85032448829,3,8,1,1
2-s2.0-85032638508,0,9,0,1
2-s2.0-85032023550,2,15,1,1
2-s2.0-85032192407,9,23,1,1
2-s2.0-85031099758,2,8,1,1
2-s2.0-85030840345,6,18,1,1
2-s2.0-85032267515,0,1,0,1
2-s2.0-85031934024,0,6,0,1
2-s2.0-85030781048,1,19,1,1
2-s2.0-85030782432,1,36,1,1
2-s2.0-85030128667,1,0,1,0
2-s2.0-85031701902,0,1,0,1
2-s2.0-85031318909,1,20,1,1
2-s2.0-85030116765,5,8,1,1
2-s2.0-85030087578,0,1,0,1
2-s2.0-85030088020,0,0,0,0
2-s2.0-85030118497,0,0,0,0
2-s2.0-85030118052,0,0,0,0
2-s2.0-85029859694,2,42,1,1
2-s2.0-85030098523,0,0,0,0
2-s2.0-85029800415,5,11,1,1
2-s2.0-85029849785,0,4,0,1
2-s2.0-85029916559,5,2,1,1
2-s2.0-85029755175,1,9,1,1
2-s2.0-85029846287,0,2,0,1
2-s2.0-85029595565,2,9,1,1
2-s2.0-85029609842,3,21,1,1
2-s2.0-85029590884,4,1,1,1
2-s2.0-85029579165,0,18,0,1
2-s2.0-85029396895,2,4,1,1
2-s2.0-85029411389,0,18,0,1
2-s2.0-85029365441,0,15,0,1
2-s2.0-85029188368,2,31,1,1
2-s2.0-85029319530,2,11,1,1
2-s2.0-85029286477,0,3,0,1
2-s2.0-85029168258,1,37,1,1
2-s2.0-85028745916,3,30,1,1
2-s2.0-85029129602,0,2,0,1
2-s2.0-85028957536,0,16,0,1
2-s2.0-85028639850,3,38,1,1
2-s2.0-85028602519,1,5,1,1
2-s2.0-85028304451,4,15,1,1
2-s2.0-85028300656,3,5,1,1
2-s2.0-85028244351,3,39,1,1
2-s2.0-85028087864,3,3,1,1
2-s2.0-85027948963,2,57,1,1
2-s2.0-85028393136,0,2,0,1
2-s2.0-85028368609,0,5,0,1
2-s2.0-85028328980,0,3,0,1
2-s2.0-85027580908,2,2,1,1
2-s2.0-85027408277,0,2,0,1
2-s2.0-85027687085,3,0,1,0
2-s2.0-85027383687,0,10,0,1
2-s2.0-85027275618,0,6,0,1
2-s2.0-85026905570,3,45,1,1
2-s2.0-85026889629,4,2,1,1
2-s2.0-85027562107,0,13,0,1
2-s2.0-85026778125,6,36,1,1
2-s2.0-85026667170,2,8,1,1
2-s2.0-85027227411,0,14,0,1
2-s2.0-85026662925,0,5,0,1
2-s2.0-85026648848,2,4,1,1
2-s2.0-85026749639,0,36,0,1
2-s2.0-85026726516,4,1,1,1
2-s2.0-85026643047,0,3,0,1
2-s2.0-85026490096,3,27,1,1
2-s2.0-85026637496,0,20,0,1
2-s2.0-85026354006,10,24,1,1
2-s2.0-85026631789,0,54,0,1
2-s2.0-85025837237,6,1,1,1
2-s2.0-85025176950,1,3,1,1
2-s2.0-85025835645,3,4,1,1
2-s2.0-85022068422,3,3,1,1
2-s2.0-85022344922,1,15,1,1
2-s2.0-85022021364,0,5,0,1
2-s2.0-85022005692,0,3,0,1
2-s2.0-85023605261,0,4,0,1
2-s2.0-85021989093,4,25,1,1
2-s2.0-85021993201,0,27,0,1
2-s2.0-85022343243,0,9,0,1
2-s2.0-85021956633,1,3,1,1
2-s2.0-85021990065,0,22,0,1
2-s2.0-85021890746,0,1,0,1
2-s2.0-85021819290,1,3,1,1
2-s2.0-85021801046,2,13,1,1
2-s2.0-85021978053,0,43,0,1
2-s2.0-85021693165,2,19,1,1
2-s2.0-85021679624,5,11,1,1
2-s2.0-85021691511,0,10,0,1
2-s2.0-85021658559,2,4,1,1
2-s2.0-85021665626,0,4,0,1
2-s2.0-85021652528,0,32,0,1
2-s2.0-85021425109,7,42,1,1
2-s2.0-85021417300,1,19,1,1
2-s2.0-85021656677,0,1,0,1
2-s2.0-85021634430,0,5,0,1
2-s2.0-85021381710,0,7,0,1
2-s2.0-85021182487,2,0,1,0
2-s2.0-85021323965,0,9,0,1
2-s2.0-85021257348,0,103,0,1
2-s2.0-85021145832,0,2,0,1
2-s2.0-85021141907,0,5,0,1
2-s2.0-85021140274,0,19,0,1
2-s2.0-85021126830,0,1,0,1
2-s2.0-85021100523,0,12,0,1
2-s2.0-85021081915,0,4,0,1
2-s2.0-85021053936,2,55,1,1
2-s2.0-85021113689,0,4,0,1
2-s2.0-85020919651,0,29,0,1
2-s2.0-85020552496,2,7,1,1
2-s2.0-85020750583,0,2,0,1
2-s2.0-85020477185,3,5,1,1
2-s2.0-85020793670,0,8,0,1
2-s2.0-85020435350,0,8,0,1
2-s2.0-85020644237,7,41,1,1
2-s2.0-85020252669,2,20,1,1
2-s2.0-85020394990,0,5,0,1
2-s2.0-85020135806,1,31,1,1
2-s2.0-85020182210,0,16,0,1
2-s2.0-85020099926,9,4,1,1
2-s2.0-85020005278,3,7,1,1
2-s2.0-85019963824,0,23,0,1
2-s2.0-85019868358,1,13,1,1
2-s2.0-85019880304,0,4,0,1
2-s2.0-85019867411,4,31,1,1
2-s2.0-85019870122,0,11,0,1
2-s2.0-85019987369,0,35,0,1
2-s2.0-85019861571,0,3,0,1
2-s2.0-85019820391,6,11,1,1
2-s2.0-85019729551,1,8,1,1
2-s2.0-85019407697,0,3,0,1
2-s2.0-85019565348,2,10,1,1
2-s2.0-85019362141,3,30,1,1
2-s2.0-85019259315,1,3,1,1
2-s2.0-85019209980,1,0,1,0
2-s2.0-85019180534,1,11,1,1
2-s2.0-85019172222,1,26,1,1
2-s2.0-85019206624,2,18,1,1
2-s2.0-85019215408,0,8,0,1
2-s2.0-85019188408,0,9,0,1
2-s2.0-85019114644,0,25,0,1
2-s2.0-85019097888,0,30,0,1
2-s2.0-85019061671,0,6,0,1
2-s2.0-85019002592,2,5,1,1
2-s2.0-85019142314,0,2,0,1
2-s2.0-85018994023,0,19,0,1
2-s2.0-85018981657,0,77,0,1
2-s2.0-85018990284,0,0,0,0
2-s2.0-85018980783,0,9,0,1
2-s2.0-85018718658,7,6,1,1
2-s2.0-85018989743,0,2,0,1
2-s2.0-85018716589,1,8,1,1
2-s2.0-85018745343,0,6,0,1
2-s2.0-85018643426,0,7,0,1
2-s2.0-85018693492,3,5,1,1
2-s2.0-85018748068,0,17,0,1
2-s2.0-85018475053,3,5,1,1
2-s2.0-85018552144,0,1,0,1
2-s2.0-85018502005,1,24,1,1
2-s2.0-85018625123,0,3,0,1
2-s2.0-85018424222,4,9,1,1
2-s2.0-85017658777,2,31,1,1
2-s2.0-85018422089,0,13,0,1
2-s2.0-85017619118,4,26,1,1
2-s2.0-85017598026,1,22,1,1
2-s2.0-85017489547,2,32,1,1
2-s2.0-85017422928,4,64,1,1
2-s2.0-85018361444,0,14,0,1
2-s2.0-85017410159,3,43,1,1
2-s2.0-85017427651,0,9,0,1
2-s2.0-85017341285,3,26,1,1
2-s2.0-85017126360,4,13,1,1
2-s2.0-85018472936,3,2,1,1
2-s2.0-85017668271,2,11,1,1
2-s2.0-85017173673,0,1,0,1
2-s2.0-85016964318,5,37,1,1
2-s2.0-85016795827,4,73,1,1
2-s2.0-85016808133,0,2,0,1
2-s2.0-85016621673,0,15,0,1
2-s2.0-85016492874,1,3,1,1
2-s2.0-85016482902,1,0,1,0
2-s2.0-85016559347,1,1,1,1
2-s2.0-85016621746,0,0,0,0
2-s2.0-85016604913,0,2,0,1
2-s2.0-85016399497,3,12,1,1
2-s2.0-85016221051,1,0,1,0
2-s2.0-85016473894,2,58,1,1
2-s2.0-85016469604,0,8,0,1
2-s2.0-85016211865,0,4,0,1
2-s2.0-85016227701,2,1,1,1
2-s2.0-85016210572,0,3,0,1
2-s2.0-85016186419,0,11,0,1
2-s2.0-85016194272,4,7,1,1
2-s2.0-85016184657,0,6,0,1
2-s2.0-85016185627,2,3,1,1
2-s2.0-85016041973,2,7,1,1
2-s2.0-85016095598,0,61,0,1
2-s2.0-85016211014,0,7,0,1
2-s2.0-85016035069,0,45,0,1
2-s2.0-85016009628,0,8,0,1
2-s2.0-85015949198,0,7,0,1
2-s2.0-85015776493,2,13,1,1
2-s2.0-85015825382,0,7,0,1
2-s2.0-85015916433,0,29,0,1
2-s2.0-85015738197,0,15,0,1
2-s2.0-85015852305,3,8,1,1
2-s2.0-85015698932,0,129,0,1
2-s2.0-85015417452,2,80,1,1
2-s2.0-85015441925,6,25,1,1
2-s2.0-85015367750,2,28,1,1
2-s2.0-85015723179,0,3,0,1
2-s2.0-85015680272,1,16,1,1
2-s2.0-85015449103,0,5,0,1
2-s2.0-85015233826,15,44,1,1
2-s2.0-85015227221,3,12,1,1
2-s2.0-85015405181,0,18,0,1
2-s2.0-85015077238,0,50,0,1
2-s2.0-85014863057,5,44,1,1
2-s2.0-85015335911,3,13,1,1
2-s2.0-85014566149,2,14,1,1
2-s2.0-85014884999,0,34,0,1
2-s2.0-85014778575,0,1,0,1
2-s2.0-85014656143,0,21,0,1
2-s2.0-85014310276,4,42,1,1
2-s2.0-85014616927,0,16,0,1
2-s2.0-85014438440,0,15,0,1
2-s2.0-85014373255,0,32,0,1
2-s2.0-85014145052,2,22,1,1
2-s2.0-85013832640,5,14,1,1
2-s2.0-85014089683,0,9,0,1
2-s2.0-85013644927,1,21,1,1
2-s2.0-85013786765,0,11,0,1
2-s2.0-85013756232,0,24,0,1
2-s2.0-85014193693,0,5,0,1
2-s2.0-85013629317,0,0,0,0
2-s2.0-85013392518,0,7,0,1
2-s2.0-85013374519,0,6,0,1
2-s2.0-85013269731,0,24,0,1
2-s2.0-85013218744,0,4,0,1
2-s2.0-85013204473,0,0,0,0
2-s2.0-85013243890,0,55,0,1
2-s2.0-85013167659,0,20,0,1
2-s2.0-85013194846,0,2,0,1
2-s2.0-85013178203,0,0,0,0
2-s2.0-85013157814,0,6,0,1
2-s2.0-85012897775,0,85,0,1
2-s2.0-85013149482,0,1,0,1
2-s2.0-85012305736,3,5,1,1
2-s2.0-85012249378,0,19,0,1
2-s2.0-85011966199,5,24,1,1
2-s2.0-85011878078,0,9,0,1
2-s2.0-85012236958,0,4,0,1
2-s2.0-85011693174,1,38,1,1
2-s2.0-85011406176,5,93,1,1
2-s2.0-85011844252,4,13,1,1
2-s2.0-85011573197,0,52,0,1
2-s2.0-85011272765,0,29,0,1
2-s2.0-85010850455,0,15,0,1
2-s2.0-85010767480,0,32,0,1
2-s2.0-85011286637,0,102,0,1
2-s2.0-85010748367,3,7,1,1
2-s2.0-85010727500,3,7,1,1
2-s2.0-85010635562,0,6,0,1
2-s2.0-85010670076,1,23,1,1
2-s2.0-85010637634,2,55,1,1
2-s2.0-85010527099,0,11,0,1
2-s2.0-85010608004,0,1,0,1
2-s2.0-85010376008,7,580,1,1
2-s2.0-85010288631,2,1,1,1
2-s2.0-85010303976,0,0,0,0
2-s2.0-85010029581,7,1,1,1
2-s2.0-85009999882,3,44,1,1
2-s2.0-85010041725,0,17,0,1
2-s2.0-85009851928,2,30,1,1
2-s2.0-85009829585,5,9,1,1
2-s2.0-85009731586,3,19,1,1
2-s2.0-85009170670,1,6,1,1
2-s2.0-85009180993,0,57,0,1
2-s2.0-85009100547,3,23,1,1
2-s2.0-85009074636,5,18,1,1
2-s2.0-85008929547,1,4,1,1
2-s2.0-85008709498,1,0,1,0
2-s2.0-85008951524,0,15,0,1
2-s2.0-85008700583,0,0,0,0
2-s2.0-85008462001,0,30,0,1
2-s2.0-85009812150,100,36,1,1
2-s2.0-85008336814,1,38,1,1
2-s2.0-85008388804,0,2,0,1
2-s2.0-85008176637,0,21,0,1
2-s2.0-85007573014,1,35,1,1
2-s2.0-85008173386,0,20,0,1
2-s2.0-85008400526,0,10,0,1
2-s2.0-85007299040,4,13,1,1
2-s2.0-85007143697,3,5,1,1
2-s2.0-85007420679,1,10,1,1
2-s2.0-85007321859,0,19,0,1
2-s2.0-85007005033,3,21,1,1
2-s2.0-85007040250,0,158,0,1
2-s2.0-85006839951,0,30,0,1
2-s2.0-85007415989,0,18,0,1
2-s2.0-85007071638,0,127,0,1
2-s2.0-85006507557,2,7,1,1
2-s2.0-85006445879,0,3,0,1
2-s2.0-85006386617,0,10,0,1
2-s2.0-85006413295,0,19,0,1
2-s2.0-85005976194,1,29,1,1
2-s2.0-85006355054,3,2,1,1
2-s2.0-85006823610,2,9,1,1
2-s2.0-85003944858,3,8,1,1
2-s2.0-85006289191,0,66,0,1
2-s2.0-85002596995,2,23,1,1
2-s2.0-85001044609,1,0,1,0
2-s2.0-85002293110,0,4,0,1
2-s2.0-84999266495,2,78,1,1
2-s2.0-84997770159,1,3,1,1
2-s2.0-84998579336,3,49,1,1
2-s2.0-84997514424,3,11,1,1
2-s2.0-84995767720,10,16,1,1
2-s2.0-84995751226,4,16,1,1
2-s2.0-84995600730,2,9,1,1
2-s2.0-84995480411,1,7,1,1
2-s2.0-84993995288,4,13,1,1
2-s2.0-84993982880,0,35,0,1
2-s2.0-84992738311,0,20,0,1
2-s2.0-84991660172,0,5,0,1
2-s2.0-84995528486,0,21,0,1
2-s2.0-84991396698,4,42,1,1
2-s2.0-84991517831,0,37,0,1
2-s2.0-84992738280,0,0,0,0
2-s2.0-84988000615,0,64,0,1
2-s2.0-84989211433,1,19,1,1
2-s2.0-84986269178,0,17,0,1
2-s2.0-84983462817,2,19,1,1
2-s2.0-84984861424,0,0,0,0
2-s2.0-84979256587,3,20,1,1
2-s2.0-84983567827,0,8,0,1
2-s2.0-84981513510,0,59,0,1
2-s2.0-84978394238,0,28,0,1
2-s2.0-84971373699,0,4,0,1
2-s2.0-84929649705,1,9,1,1
2-s2.0-84964267738,0,26,0,1
2-s2.0-84922900576,0,1846,0,1
2-s2.0-84928152781,0,12,0,1
2-s2.0-84930797064,0,4,0,1
2-s2.0-84905892595,1,43,1,1
